Order_ID,Order_Date,City,Restaurant_Rating,Delivery_Time_Min,Order_Value_INR,Delivery_Status
1001,1/1/2025,Mumbai,4.20,30.00,450.00,Delivered
1002,1/2/2025,Pune,4.50,25.00,320.00,Delivered
1003,1/3/2025,Delhi,3.90,40.00,600.00,Delayed
1004,1/4/2025,Bangalore,4.60,28.00,520.00,Delivered
1005,1/5/2025,Hyderabad,4.10,35.00,380.00,Delivered
1006,1/6/2025,Mumbai,4.20,30.00,450.00,Delivered
1007,1/7/2025,Pune,4.50,25.00,320.00,Delivered
1008,1/8/2025,Delhi,3.90,40.00,600.00,Delayed
1009,1/9/2025,Bangalore,4.60,28.00,520.00,Delivered
1010,1/10/2025,Hyderabad,4.10,35.00,380.00,Delivered
1011,1/11/2025,Delhi,4.10,25.00,243.00,Delayed
1012,1/12/2025,Bangalore,4.10,32.00,392.00,Delivered
1013,1/13/2025,Chennai,4.10,54.00,699.00,Delayed
1014,1/14/2025,Mumbai,4.10,51.00,654.00,Delivered
1015,1/15/2025,Mumbai,3.60,33.00,685.00,Delivered
1016,1/16/2025,Kolkata,3.80,34.00,760.00,Delivered
1017,1/17/2025,Mumbai,4.80,49.00,489.00,Delivered
1018,1/18/2025,Delhi,4.20,26.00,485.00,Delivered
1019,1/19/2025,Hyderabad,4.00,37.00,555.00,Delivered
1020,1/20/2025,Kolkata,4.70,46.00,346.00,Delivered
1021,1/21/2025,Hyderabad,4.40,36.00,671.00,Delayed
1022,1/22/2025,Chennai,4.20,26.00,314.00,Delivered
1023,1/23/2025,Bangalore,3.50,44.00,620.00,Delivered
1024,1/24/2025,Kolkata,4.30,35.00,636.00,Delivered
1025,1/25/2025,Delhi,3.60,27.00,379.00,Delivered
1026,1/26/2025,Kolkata,4.10,25.00,709.00,Delivered
1027,1/27/2025,Bangalore,4.70,41.00,495.00,Delivered
1028,1/28/2025,Bangalore,4.80,30.00,348.00,Delayed
1029,1/29/2025,Kolkata,4.20,30.00,543.00,Delivered
1030,1/30/2025,Delhi,4.50,45.00,631.00,Delayed
1031,1/31/2025,Chennai,3.60,52.00,713.00,Delivered
1032,2/1/2025,Chennai,4.50,52.00,563.00,Delivered
1033,2/2/2025,Chennai,4.10,40.00,481.00,Delivered
1034,2/3/2025,Mumbai,3.90,41.00,638.00,Delayed
1035,2/4/2025,Pune,3.80,35.00,497.00,Delivered
1036,2/5/2025,Chennai,4.00,45.00,597.00,Delivered
1037,2/6/2025,Mumbai,4.70,30.00,652.00,Delivered
1038,2/7/2025,Mumbai,4.40,23.00,480.00,Delayed
1039,2/8/2025,Mumbai,4.70,27.00,630.00,Delivered
1040,2/9/2025,Mumbai,4.00,26.00,371.00,Delayed
1041,2/10/2025,Bangalore,4.50,40.00,634.00,Cancelled
1042,2/11/2025,Mumbai,3.80,28.00,469.00,Delivered
1043,2/12/2025,Delhi,3.80,47.00,456.00,Delivered
1044,2/13/2025,Mumbai,3.90,33.00,549.00,Delivered
1045,2/14/2025,Kolkata,4.30,31.00,451.00,Delivered
1046,2/15/2025,Kolkata,3.90,54.00,505.00,Delivered
1047,2/16/2025,Delhi,3.90,42.00,783.00,Cancelled
1048,2/17/2025,Bangalore,4.00,49.00,571.00,Delivered
1049,2/18/2025,Pune,4.00,45.00,337.00,Delivered
1050,2/19/2025,Mumbai,3.80,43.00,270.00,Delivered
1051,2/20/2025,Kolkata,3.80,51.00,333.00,Delivered
1052,2/21/2025,Kolkata,3.60,51.00,578.00,Delivered
1053,2/22/2025,Pune,3.60,47.00,367.00,Delivered
1054,2/23/2025,Delhi,4.30,42.00,571.00,Delivered
1055,2/24/2025,Hyderabad,4.70,31.00,356.00,Delivered
1056,2/25/2025,Delhi,4.70,31.00,210.00,Delivered
1057,2/26/2025,Kolkata,3.90,41.00,644.00,Cancelled
1058,2/27/2025,Pune,3.60,38.00,612.00,Delivered
1059,2/28/2025,Chennai,4.30,27.00,213.00,Delayed
1060,3/1/2025,Chennai,4.10,47.00,797.00,Cancelled
1061,3/2/2025,Mumbai,4.40,38.00,330.00,Delivered
1062,3/3/2025,Bangalore,3.70,29.00,792.00,Delivered
1063,3/4/2025,Hyderabad,3.90,34.00,564.00,Delayed
1064,3/5/2025,Mumbai,4.70,49.00,246.00,Delivered
1065,3/6/2025,Kolkata,3.90,22.00,748.00,Delivered
1066,3/7/2025,Bangalore,4.40,54.00,357.00,Delivered
1067,3/8/2025,Delhi,4.70,39.00,269.00,Delivered
1068,3/9/2025,Bangalore,4.30,26.00,216.00,Cancelled
1069,3/10/2025,Delhi,4.10,48.00,697.00,Delivered
1070,3/11/2025,Hyderabad,3.70,29.00,431.00,Delivered
1071,3/12/2025,Chennai,4.50,50.00,362.00,Delivered
1072,3/13/2025,Chennai,4.70,22.00,232.00,Delivered
1073,3/14/2025,Hyderabad,4.20,51.00,694.00,Delivered
1074,3/15/2025,Bangalore,4.00,29.00,241.00,Delivered
1075,3/16/2025,Delhi,4.20,46.00,264.00,Delivered
1076,3/17/2025,Hyderabad,3.60,21.00,385.00,Delayed
1077,3/18/2025,Delhi,3.60,20.00,674.00,Delivered
1078,3/19/2025,Chennai,4.00,31.00,563.00,Cancelled
1079,3/20/2025,Delhi,4.70,32.00,208.00,Delivered
1080,3/21/2025,Hyderabad,4.00,42.00,490.00,Delivered
1081,3/22/2025,Hyderabad,3.70,53.00,669.00,Delivered
1082,3/23/2025,Delhi,3.90,37.00,454.00,Delayed
1083,3/24/2025,Delhi,4.20,38.00,204.00,Delivered
1084,3/25/2025,Mumbai,4.30,23.00,332.00,Delivered
1085,3/26/2025,Kolkata,3.80,53.00,775.00,Delivered
1086,3/27/2025,Bangalore,4.10,46.00,666.00,Delivered
1087,3/28/2025,Chennai,4.50,45.00,542.00,Delayed
1088,3/29/2025,Kolkata,4.50,21.00,364.00,Delivered
1089,3/30/2025,Chennai,4.30,24.00,326.00,Delivered
1090,3/31/2025,Hyderabad,3.70,50.00,605.00,Delivered
1091,4/1/2025,Kolkata,4.40,31.00,246.00,Delivered
1092,4/2/2025,Chennai,4.40,50.00,505.00,Delayed
1093,4/3/2025,Bangalore,4.10,33.00,212.00,Delivered
1094,4/4/2025,Pune,4.60,31.00,498.00,Delivered
1095,4/5/2025,Mumbai,3.90,27.00,312.00,Delivered
1096,4/6/2025,Pune,3.80,50.00,373.00,Delivered
1097,4/7/2025,Hyderabad,4.00,46.00,706.00,Cancelled
1098,4/8/2025,Bangalore,4.50,29.00,524.00,Delayed
1099,4/9/2025,Chennai,3.90,47.00,504.00,Delivered
1100,4/10/2025,Pune,3.80,28.00,612.00,Delivered
1101,4/11/2025,Bangalore,4.70,21.00,541.00,Delivered
1102,4/12/2025,Pune,4.50,46.00,295.00,Delivered
1103,4/13/2025,Delhi,4.10,51.00,415.00,Delivered
1104,4/14/2025,Hyderabad,4.70,54.00,280.00,Delivered
1105,4/15/2025,Delhi,4.40,28.00,417.00,Delayed
1106,4/16/2025,Kolkata,4.30,43.00,587.00,Delayed
1107,4/17/2025,Hyderabad,4.30,52.00,645.00,Cancelled
1108,4/18/2025,Pune,4.30,51.00,271.00,Delivered
1109,4/19/2025,Kolkata,4.10,26.00,409.00,Delivered
1110,4/20/2025,Bangalore,4.60,25.00,433.00,Delivered
1111,4/21/2025,Chennai,3.80,41.00,537.00,Delivered
1112,4/22/2025,Pune,4.50,25.00,429.00,Delivered
1113,4/23/2025,Kolkata,4.30,33.00,232.00,Delivered
1114,4/24/2025,Kolkata,4.30,23.00,250.00,Delayed
1115,4/25/2025,Bangalore,3.70,53.00,592.00,Delivered
1116,4/26/2025,Kolkata,4.20,31.00,204.00,Delayed
1117,4/27/2025,Chennai,3.70,32.00,767.00,Delivered
1118,4/28/2025,Kolkata,4.70,37.00,465.00,Delivered
1119,4/29/2025,Bangalore,4.50,21.00,233.00,Delivered
1120,4/30/2025,Bangalore,4.60,42.00,441.00,Delivered
1121,5/1/2025,Pune,4.10,47.00,383.00,Delivered
1122,5/2/2025,Bangalore,3.80,41.00,516.00,Delivered
1123,5/3/2025,Kolkata,3.90,23.00,590.00,Delivered
1124,5/4/2025,Kolkata,4.30,47.00,650.00,Delivered
1125,5/5/2025,Mumbai,3.70,45.00,495.00,Delayed
1126,5/6/2025,Delhi,4.30,40.00,616.00,Delayed
1127,5/7/2025,Delhi,4.10,35.00,787.00,Delivered
1128,5/8/2025,Bangalore,4.70,34.00,639.00,Delivered
1129,5/9/2025,Hyderabad,4.30,31.00,448.00,Delivered
1130,5/10/2025,Pune,4.70,33.00,375.00,Delayed
1131,5/11/2025,Pune,4.80,48.00,211.00,Delivered
1132,5/12/2025,Bangalore,4.20,26.00,320.00,Delivered
1133,5/13/2025,Chennai,3.60,21.00,682.00,Delivered
1134,5/14/2025,Bangalore,3.70,22.00,214.00,Delivered
1135,5/15/2025,Bangalore,4.70,46.00,443.00,Delivered
1136,5/16/2025,Bangalore,3.80,50.00,360.00,Delayed
1137,5/17/2025,Bangalore,4.60,44.00,549.00,Delivered
1138,5/18/2025,Bangalore,4.70,31.00,470.00,Delivered
1139,5/19/2025,Mumbai,4.30,32.00,291.00,Delivered
1140,5/20/2025,Mumbai,4.70,20.00,525.00,Delayed
1141,5/21/2025,Delhi,3.50,48.00,344.00,Delivered
1142,5/22/2025,Chennai,4.20,20.00,413.00,Delivered
1143,5/23/2025,Hyderabad,4.40,27.00,624.00,Delayed
1144,5/24/2025,Mumbai,3.60,26.00,470.00,Delivered
1145,5/25/2025,Bangalore,4.60,32.00,266.00,Delivered
1146,5/26/2025,Mumbai,4.30,39.00,424.00,Delivered
1147,5/27/2025,Bangalore,4.00,38.00,302.00,Delivered
1148,5/28/2025,Kolkata,4.30,39.00,246.00,Delivered
1149,5/29/2025,Chennai,4.10,33.00,359.00,Delivered
1150,5/30/2025,Chennai,3.70,43.00,378.00,Delivered
1151,5/31/2025,Pune,4.10,20.00,634.00,Delivered
1152,6/1/2025,Pune,4.30,42.00,589.00,Delivered
1153,6/2/2025,Chennai,3.90,31.00,674.00,Delivered
1154,6/3/2025,Hyderabad,4.00,38.00,659.00,Delivered
1155,6/4/2025,Mumbai,3.90,44.00,551.00,Delivered
1156,6/5/2025,Hyderabad,4.60,25.00,450.00,Delivered
1157,6/6/2025,Pune,4.40,52.00,312.00,Delivered
1158,6/7/2025,Bangalore,4.10,44.00,228.00,Delivered
1159,6/8/2025,Chennai,4.80,39.00,653.00,Delivered
1160,6/9/2025,Pune,4.00,24.00,666.00,Delivered
1161,6/10/2025,Chennai,3.80,36.00,305.00,Delivered
1162,6/11/2025,Bangalore,3.80,26.00,381.00,Delivered
1163,6/12/2025,Mumbai,4.00,35.00,433.00,Delivered
1164,6/13/2025,Delhi,4.20,40.00,751.00,Delivered
1165,6/14/2025,Delhi,3.60,29.00,218.00,Delivered
1166,6/15/2025,Chennai,3.50,26.00,648.00,Delivered
1167,6/16/2025,Mumbai,3.90,26.00,621.00,Delayed
1168,6/17/2025,Delhi,3.60,49.00,543.00,Delivered
1169,6/18/2025,Mumbai,4.60,42.00,519.00,Delivered
1170,6/19/2025,Kolkata,4.50,33.00,430.00,Delayed
1171,6/20/2025,Mumbai,3.60,21.00,566.00,Delivered
1172,6/21/2025,Bangalore,3.60,26.00,280.00,Delayed
1173,6/22/2025,Mumbai,4.40,26.00,753.00,Delivered
1174,6/23/2025,Pune,4.20,44.00,385.00,Delayed
1175,6/24/2025,Chennai,3.60,51.00,440.00,Delivered
1176,6/25/2025,Kolkata,4.40,50.00,490.00,Delivered
1177,6/26/2025,Pune,3.70,51.00,474.00,Delivered
1178,6/27/2025,Chennai,4.60,37.00,286.00,Delivered
1179,6/28/2025,Mumbai,4.70,27.00,455.00,Delivered
1180,6/29/2025,Hyderabad,4.20,27.00,799.00,Cancelled
1181,6/30/2025,Hyderabad,4.70,32.00,376.00,Delivered
1182,7/1/2025,Hyderabad,3.80,53.00,386.00,Cancelled
1183,7/2/2025,Pune,4.40,26.00,750.00,Delivered
1184,7/3/2025,Delhi,4.60,52.00,374.00,Delivered
1185,7/4/2025,Kolkata,3.90,52.00,271.00,Delivered
1186,7/5/2025,Mumbai,3.90,50.00,358.00,Delivered
1187,7/6/2025,Delhi,3.80,22.00,702.00,Delivered
1188,7/7/2025,Mumbai,3.50,50.00,477.00,Delivered
1189,7/8/2025,Bangalore,4.60,28.00,679.00,Delivered
1190,7/9/2025,Delhi,4.50,35.00,372.00,Delivered
1191,7/10/2025,Chennai,4.00,33.00,243.00,Delivered
1192,7/11/2025,Kolkata,4.20,33.00,237.00,Delivered
1193,7/12/2025,Chennai,4.10,24.00,508.00,Delivered
1194,7/13/2025,Kolkata,3.70,36.00,238.00,Delivered
1195,7/14/2025,Chennai,4.30,37.00,605.00,Delivered
1196,7/15/2025,Kolkata,4.00,22.00,669.00,Delivered
1197,7/16/2025,Hyderabad,4.60,26.00,363.00,Delivered
1198,7/17/2025,Pune,4.70,53.00,203.00,Delivered
1199,7/18/2025,Kolkata,3.70,54.00,207.00,Delivered
1200,7/19/2025,Kolkata,4.20,31.00,562.00,Delivered
1201,7/20/2025,Kolkata,3.50,47.00,250.00,Delivered
1202,7/21/2025,Bangalore,3.80,40.00,688.00,Delivered
1203,7/22/2025,Bangalore,3.70,51.00,663.00,Delivered
1204,7/23/2025,Hyderabad,4.00,25.00,791.00,Delivered
1205,7/24/2025,Pune,3.70,40.00,489.00,Delivered
1206,7/25/2025,Hyderabad,4.70,50.00,244.00,Delayed
1207,7/26/2025,Pune,4.50,23.00,758.00,Delayed
1208,7/27/2025,Hyderabad,4.60,29.00,247.00,Delivered
1209,7/28/2025,Pune,4.20,31.00,283.00,Delivered
1210,7/29/2025,Kolkata,3.80,28.00,605.00,Delivered
1211,7/30/2025,Mumbai,3.80,37.00,336.00,Delivered
1212,7/31/2025,Delhi,4.60,22.00,639.00,Delivered
1213,8/1/2025,Bangalore,4.40,38.00,219.00,Delivered
1214,8/2/2025,Delhi,4.20,37.00,416.00,Delivered
1215,8/3/2025,Mumbai,4.00,54.00,450.00,Delivered
1216,8/4/2025,Bangalore,3.90,44.00,714.00,Delivered
1217,8/5/2025,Chennai,4.80,22.00,332.00,Delivered
1218,8/6/2025,Hyderabad,4.10,54.00,457.00,Cancelled
1219,8/7/2025,Pune,4.30,30.00,401.00,Delayed
1220,8/8/2025,Delhi,4.80,20.00,777.00,Delayed
1221,8/9/2025,Mumbai,3.90,38.00,750.00,Delivered
1222,8/10/2025,Delhi,4.70,35.00,587.00,Delivered
1223,8/11/2025,Hyderabad,3.70,35.00,620.00,Delivered
1224,8/12/2025,Chennai,4.30,29.00,352.00,Delayed
1225,8/13/2025,Mumbai,3.90,51.00,786.00,Delivered
1226,8/14/2025,Chennai,4.20,28.00,285.00,Delayed
1227,8/15/2025,Bangalore,4.50,45.00,773.00,Delivered
1228,8/16/2025,Kolkata,4.60,20.00,253.00,Delayed
1229,8/17/2025,Kolkata,4.30,33.00,693.00,Delayed
1230,8/18/2025,Pune,4.30,26.00,494.00,Delayed
1231,8/19/2025,Mumbai,3.60,42.00,413.00,Delivered
1232,8/20/2025,Kolkata,3.60,38.00,358.00,Delivered
1233,8/21/2025,Bangalore,4.80,34.00,257.00,Delivered
1234,8/22/2025,Pune,4.40,30.00,500.00,Cancelled
1235,8/23/2025,Kolkata,4.60,28.00,796.00,Delivered
1236,8/24/2025,Chennai,3.50,27.00,423.00,Delayed
1237,8/25/2025,Kolkata,3.60,49.00,631.00,Delivered
1238,8/26/2025,Chennai,4.50,30.00,348.00,Delivered
1239,8/27/2025,Mumbai,3.90,41.00,306.00,Delivered
1240,8/28/2025,Bangalore,4.20,45.00,448.00,Cancelled
1241,8/29/2025,Kolkata,3.60,51.00,442.00,Cancelled
1242,8/30/2025,Hyderabad,3.50,35.00,443.00,Delivered
1243,8/31/2025,Bangalore,4.80,30.00,787.00,Delivered
1244,9/1/2025,Bangalore,4.00,29.00,596.00,Delivered
1245,9/2/2025,Pune,4.00,34.00,328.00,Delivered
1246,9/3/2025,Mumbai,4.80,51.00,290.00,Delivered
1247,9/4/2025,Bangalore,3.50,36.00,415.00,Delayed
1248,9/5/2025,Pune,3.80,54.00,706.00,Delivered
1249,9/6/2025,Chennai,4.10,40.00,757.00,Cancelled
1250,9/7/2025,Hyderabad,3.60,30.00,268.00,Delivered
1251,9/8/2025,Pune,4.00,51.00,738.00,Delivered
1252,9/9/2025,Chennai,3.80,36.00,734.00,Delivered
1253,9/10/2025,Pune,4.50,53.00,479.00,Delivered
1254,9/11/2025,Delhi,3.60,38.00,307.00,Delayed
1255,9/12/2025,Kolkata,3.60,38.00,714.00,Delivered
1256,9/13/2025,Chennai,4.20,34.00,418.00,Delivered
1257,9/14/2025,Delhi,4.50,28.00,518.00,Cancelled
1258,9/15/2025,Kolkata,4.10,48.00,352.00,Cancelled
1259,9/16/2025,Mumbai,3.80,35.00,528.00,Delivered
1260,9/17/2025,Kolkata,4.00,33.00,262.00,Delayed
1261,9/18/2025,Kolkata,4.50,52.00,682.00,Delivered
1262,9/19/2025,Kolkata,4.80,53.00,355.00,Delayed
1263,9/20/2025,Delhi,4.50,29.00,600.00,Delivered
1264,9/21/2025,Pune,4.70,39.00,607.00,Delivered
1265,9/22/2025,Pune,3.80,54.00,583.00,Delayed
1266,9/23/2025,Mumbai,4.20,25.00,358.00,Delivered
1267,9/24/2025,Delhi,4.30,20.00,518.00,Delivered
1268,9/25/2025,Delhi,4.80,49.00,789.00,Cancelled
1269,9/26/2025,Bangalore,4.70,24.00,232.00,Delivered
1270,9/27/2025,Delhi,4.50,40.00,219.00,Delivered
1271,9/28/2025,Kolkata,3.60,29.00,585.00,Delivered
1272,9/29/2025,Bangalore,4.40,54.00,639.00,Delivered
1273,9/30/2025,Hyderabad,4.80,37.00,609.00,Delivered
1274,10/1/2025,Kolkata,4.60,52.00,681.00,Delivered
1275,10/2/2025,Mumbai,4.50,27.00,694.00,Delivered
1276,10/3/2025,Pune,4.20,52.00,329.00,Delivered
1277,10/4/2025,Pune,4.40,25.00,374.00,Delivered
1278,10/5/2025,Kolkata,3.90,31.00,648.00,Delivered
1279,10/6/2025,Chennai,4.10,38.00,430.00,Delivered
1280,10/7/2025,Pune,4.20,39.00,538.00,Delivered
1281,10/8/2025,Pune,4.50,54.00,732.00,Delayed
1282,10/9/2025,Mumbai,4.70,48.00,666.00,Delivered
1283,10/10/2025,Hyderabad,3.80,53.00,450.00,Delivered
1284,10/11/2025,Chennai,4.40,26.00,718.00,Delivered
1285,10/12/2025,Mumbai,3.70,54.00,513.00,Delayed
1286,10/13/2025,Kolkata,3.60,48.00,309.00,Delivered
1287,10/14/2025,Hyderabad,3.70,30.00,318.00,Delivered
1288,10/15/2025,Bangalore,4.00,46.00,404.00,Cancelled
1289,10/16/2025,Chennai,4.30,35.00,224.00,Delayed
1290,10/17/2025,Bangalore,4.60,30.00,638.00,Delivered
1291,10/18/2025,Hyderabad,3.60,46.00,236.00,Delivered
1292,10/19/2025,Kolkata,4.60,21.00,498.00,Delivered
1293,10/20/2025,Mumbai,4.50,28.00,314.00,Delivered
1294,10/21/2025,Kolkata,4.20,21.00,220.00,Delivered
1295,10/22/2025,Delhi,3.80,52.00,432.00,Delivered
1296,10/23/2025,Kolkata,4.40,36.00,689.00,Delivered
1297,10/24/2025,Hyderabad,4.00,49.00,355.00,Delivered
1298,10/25/2025,Pune,4.50,53.00,682.00,Delivered
1299,10/26/2025,Delhi,4.50,44.00,779.00,Delivered
1300,10/27/2025,Hyderabad,3.50,36.00,444.00,Delayed
1301,10/28/2025,Pune,3.90,29.00,350.00,Delivered
1302,10/29/2025,Mumbai,3.50,48.00,643.00,Cancelled
1303,10/30/2025,Pune,4.60,40.00,362.00,Cancelled
1304,10/31/2025,Kolkata,4.20,39.00,602.00,Delivered
1305,11/1/2025,Pune,4.30,24.00,752.00,Delivered
1306,11/2/2025,Hyderabad,4.40,48.00,362.00,Delivered
1307,11/3/2025,Kolkata,3.60,43.00,651.00,Delivered
1308,11/4/2025,Mumbai,3.60,35.00,761.00,Delivered
1309,11/5/2025,Pune,4.50,31.00,584.00,Delivered
1310,11/6/2025,Kolkata,4.20,32.00,451.00,Delivered
1311,11/7/2025,Mumbai,3.70,39.00,360.00,Delayed
1312,11/8/2025,Hyderabad,4.50,23.00,736.00,Delivered
1313,11/9/2025,Chennai,4.60,32.00,513.00,Cancelled
1314,11/10/2025,Bangalore,4.70,21.00,617.00,Delivered
1315,11/11/2025,Kolkata,4.60,36.00,212.00,Delivered
1316,11/12/2025,Chennai,3.80,21.00,524.00,Delivered
1317,11/13/2025,Mumbai,4.30,47.00,392.00,Delivered
1318,11/14/2025,Mumbai,4.30,28.00,333.00,Delivered
1319,11/15/2025,Kolkata,4.10,41.00,416.00,Delivered
1320,11/16/2025,Bangalore,4.70,42.00,363.00,Delivered
1321,11/17/2025,Pune,4.10,22.00,703.00,Delayed
1322,11/18/2025,Pune,4.20,27.00,707.00,Delivered
1323,11/19/2025,Chennai,3.80,22.00,793.00,Delivered
1324,11/20/2025,Hyderabad,4.80,32.00,751.00,Delivered
1325,11/21/2025,Pune,4.40,33.00,201.00,Delivered
1326,11/22/2025,Hyderabad,4.00,33.00,292.00,Delivered
1327,11/23/2025,Mumbai,4.60,52.00,632.00,Delivered
1328,11/24/2025,Kolkata,4.80,31.00,722.00,Delivered
1329,11/25/2025,Chennai,4.80,23.00,457.00,Delivered
1330,11/26/2025,Chennai,3.70,48.00,248.00,Delivered
1331,11/27/2025,Delhi,4.70,43.00,559.00,Delivered
1332,11/28/2025,Bangalore,4.40,37.00,204.00,Delivered
1333,11/29/2025,Hyderabad,3.90,35.00,796.00,Delivered
1334,11/30/2025,Pune,4.20,30.00,461.00,Delayed
1335,12/1/2025,Delhi,3.70,37.00,291.00,Delivered
1336,12/2/2025,Hyderabad,3.70,52.00,524.00,Delivered
1337,12/3/2025,Delhi,4.80,23.00,313.00,Delivered
1338,12/4/2025,Kolkata,3.80,22.00,213.00,Delivered
1339,12/5/2025,Bangalore,4.00,33.00,264.00,Delayed
1340,12/6/2025,Delhi,4.70,27.00,557.00,Delivered
1341,12/7/2025,Hyderabad,3.60,31.00,327.00,Delivered
1342,12/8/2025,Pune,4.10,20.00,766.00,Delivered
1343,12/9/2025,Chennai,3.60,30.00,710.00,Cancelled
1344,12/10/2025,Chennai,4.70,20.00,279.00,Delivered
1345,12/11/2025,Hyderabad,4.80,45.00,558.00,Delivered
1346,12/12/2025,Chennai,4.60,35.00,654.00,Delayed
1347,12/13/2025,Pune,3.70,37.00,543.00,Delivered
1348,12/14/2025,Hyderabad,3.50,35.00,462.00,Delivered
1349,12/15/2025,Chennai,4.00,31.00,512.00,Delivered
1350,12/16/2025,Bangalore,4.40,45.00,276.00,Delivered
1351,12/17/2025,Hyderabad,3.50,47.00,627.00,Delayed
1352,12/18/2025,Hyderabad,4.10,30.00,789.00,Delayed
1353,12/19/2025,Delhi,4.80,31.00,636.00,Delivered
1354,12/20/2025,Chennai,3.70,39.00,700.00,Delivered
1355,12/21/2025,Kolkata,4.70,51.00,239.00,Delivered
1356,12/22/2025,Hyderabad,3.60,46.00,512.00,Delivered
1357,12/23/2025,Pune,4.10,20.00,734.00,Delayed
1358,12/24/2025,Chennai,4.30,32.00,760.00,Cancelled
1359,12/25/2025,Mumbai,3.60,23.00,658.00,Delivered
1360,12/26/2025,Hyderabad,4.10,39.00,389.00,Delivered
1361,12/27/2025,Hyderabad,4.60,22.00,432.00,Delayed
1362,12/28/2025,Kolkata,4.00,35.00,652.00,Delivered
1363,12/29/2025,Pune,4.40,21.00,636.00,Delivered
1364,12/30/2025,Hyderabad,3.70,25.00,293.00,Delivered
1365,12/31/2025,Kolkata,4.10,29.00,226.00,Delivered
1366,1/1/2026,Hyderabad,4.70,45.00,392.00,Delivered
1367,1/2/2026,Hyderabad,3.60,48.00,794.00,Delivered
1368,1/3/2026,Mumbai,4.50,47.00,552.00,Delivered
1369,1/4/2026,Delhi,4.10,41.00,607.00,Delivered
1370,1/5/2026,Kolkata,3.60,28.00,265.00,Delayed
1371,1/6/2026,Mumbai,4.40,54.00,266.00,Delivered
1372,1/7/2026,Mumbai,4.50,25.00,399.00,Delivered
1373,1/8/2026,Pune,3.80,44.00,547.00,Delayed
1374,1/9/2026,Chennai,4.10,40.00,460.00,Cancelled
1375,1/10/2026,Pune,4.00,45.00,641.00,Delivered
1376,1/11/2026,Chennai,3.70,48.00,227.00,Delivered
1377,1/12/2026,Pune,4.40,33.00,408.00,Delivered
1378,1/13/2026,Chennai,4.60,23.00,473.00,Cancelled
1379,1/14/2026,Delhi,4.40,32.00,739.00,Delivered
1380,1/15/2026,Kolkata,4.40,32.00,394.00,Delivered
1381,1/16/2026,Kolkata,3.80,31.00,781.00,Delivered
1382,1/17/2026,Hyderabad,4.30,43.00,762.00,Delivered
1383,1/18/2026,Bangalore,4.10,22.00,780.00,Delivered
1384,1/19/2026,Hyderabad,4.40,37.00,545.00,Delivered
1385,1/20/2026,Hyderabad,4.80,22.00,338.00,Delivered
1386,1/21/2026,Hyderabad,4.10,41.00,363.00,Delivered
1387,1/22/2026,Kolkata,4.70,39.00,699.00,Delivered
1388,1/23/2026,Delhi,4.60,37.00,659.00,Delivered
1389,1/24/2026,Pune,4.80,51.00,295.00,Delivered
1390,1/25/2026,Bangalore,3.70,50.00,504.00,Cancelled
1391,1/26/2026,Kolkata,4.20,31.00,678.00,Delivered
1392,1/27/2026,Pune,3.60,49.00,324.00,Cancelled
1393,1/28/2026,Pune,3.60,34.00,401.00,Delivered
1394,1/29/2026,Chennai,4.20,48.00,607.00,Delivered
1395,1/30/2026,Hyderabad,4.60,31.00,377.00,Delivered
1396,1/31/2026,Delhi,3.80,46.00,799.00,Delivered
1397,2/1/2026,Chennai,4.10,51.00,429.00,Delivered
1398,2/2/2026,Pune,4.80,26.00,534.00,Delivered
1399,2/3/2026,Chennai,4.40,42.00,539.00,Delivered
1400,2/4/2026,Pune,4.00,40.00,612.00,Delivered
1401,2/5/2026,Bangalore,3.70,38.00,628.00,Delivered
1402,2/6/2026,Chennai,3.60,29.00,303.00,Cancelled
1403,2/7/2026,Mumbai,3.50,36.00,577.00,Delivered
1404,2/8/2026,Kolkata,4.10,30.00,504.00,Delayed
1405,2/9/2026,Hyderabad,4.40,45.00,546.00,Delayed
1406,2/10/2026,Chennai,4.40,51.00,318.00,Cancelled
1407,2/11/2026,Delhi,3.80,33.00,610.00,Delivered
1408,2/12/2026,Mumbai,3.90,44.00,743.00,Delivered
1409,2/13/2026,Chennai,4.20,31.00,705.00,Delivered
1410,2/14/2026,Pune,4.00,42.00,488.00,Delivered
1411,2/15/2026,Hyderabad,4.30,26.00,233.00,Delivered
1412,2/16/2026,Hyderabad,4.00,41.00,334.00,Delivered
1413,2/17/2026,Kolkata,4.00,29.00,444.00,Delivered
1414,2/18/2026,Delhi,4.60,48.00,797.00,Delivered
1415,2/19/2026,Chennai,4.40,49.00,255.00,Cancelled
1416,2/20/2026,Chennai,4.60,34.00,711.00,Cancelled
1417,2/21/2026,Bangalore,3.70,33.00,310.00,Delivered
1418,2/22/2026,Chennai,4.80,23.00,693.00,Delivered
1419,2/23/2026,Kolkata,4.20,28.00,680.00,Delivered
1420,2/24/2026,Chennai,4.20,27.00,485.00,Delayed
1421,2/25/2026,Hyderabad,4.60,33.00,386.00,Delivered
1422,2/26/2026,Chennai,4.80,32.00,271.00,Delayed
1423,2/27/2026,Bangalore,4.20,48.00,219.00,Delivered
1424,2/28/2026,Bangalore,4.70,30.00,209.00,Delivered
1425,3/1/2026,Mumbai,3.70,51.00,649.00,Delivered
1426,3/2/2026,Mumbai,4.50,41.00,375.00,Delivered
1427,3/3/2026,Bangalore,4.20,25.00,314.00,Delivered
1428,3/4/2026,Kolkata,4.20,32.00,715.00,Delivered
1429,3/5/2026,Chennai,4.70,25.00,223.00,Delivered
1430,3/6/2026,Kolkata,3.80,22.00,222.00,Cancelled
1431,3/7/2026,Hyderabad,3.70,21.00,740.00,Delivered
1432,3/8/2026,Hyderabad,4.70,52.00,723.00,Delivered
1433,3/9/2026,Chennai,4.00,45.00,216.00,Delivered
1434,3/10/2026,Kolkata,3.80,47.00,255.00,Delivered
1435,3/11/2026,Chennai,3.80,44.00,315.00,Delivered
1436,3/12/2026,Hyderabad,3.90,46.00,225.00,Delivered
1437,3/13/2026,Bangalore,4.10,45.00,236.00,Delivered
1438,3/14/2026,Kolkata,3.60,38.00,207.00,Delivered
1439,3/15/2026,Mumbai,4.30,36.00,227.00,Delivered
1440,3/16/2026,Chennai,4.50,27.00,269.00,Delivered
1441,3/17/2026,Kolkata,4.40,23.00,270.00,Delayed
1442,3/18/2026,Bangalore,4.30,53.00,665.00,Delivered
1443,3/19/2026,Mumbai,4.30,51.00,591.00,Delivered
1444,3/20/2026,Kolkata,3.90,48.00,683.00,Delivered
1445,3/21/2026,Pune,3.80,37.00,491.00,Delivered
1446,3/22/2026,Mumbai,4.80,40.00,587.00,Delayed
1447,3/23/2026,Bangalore,3.90,48.00,330.00,Delivered
1448,3/24/2026,Bangalore,4.60,44.00,271.00,Delivered
1449,3/25/2026,Bangalore,4.50,31.00,518.00,Delivered
1450,3/26/2026,Mumbai,4.20,21.00,798.00,Delivered
1451,3/27/2026,Chennai,4.20,40.00,608.00,Cancelled
1452,3/28/2026,Hyderabad,4.70,27.00,607.00,Delivered
1453,3/29/2026,Pune,3.70,51.00,274.00,Delivered
1454,3/30/2026,Hyderabad,4.50,47.00,611.00,Delayed
1455,3/31/2026,Delhi,3.80,31.00,682.00,Delivered
1456,4/1/2026,Chennai,3.50,42.00,352.00,Delayed
1457,4/2/2026,Chennai,4.40,50.00,416.00,Delivered
1458,4/3/2026,Kolkata,3.70,32.00,221.00,Delivered
1459,4/4/2026,Mumbai,4.30,40.00,463.00,Delivered
1460,4/5/2026,Chennai,4.20,46.00,461.00,Delivered
1461,4/6/2026,Chennai,4.40,24.00,742.00,Delayed
1462,4/7/2026,Hyderabad,4.20,26.00,524.00,Delivered
1463,4/8/2026,Delhi,4.50,42.00,246.00,Delivered
1464,4/9/2026,Chennai,4.30,49.00,465.00,Delivered
1465,4/10/2026,Hyderabad,4.50,52.00,520.00,Delivered
1466,4/11/2026,Hyderabad,4.20,49.00,595.00,Delivered
1467,4/12/2026,Mumbai,3.90,25.00,643.00,Delivered
1468,4/13/2026,Kolkata,4.70,36.00,431.00,Delivered
1469,4/14/2026,Pune,4.30,39.00,543.00,Cancelled
1470,4/15/2026,Delhi,4.60,25.00,278.00,Delayed
1471,4/16/2026,Kolkata,4.60,44.00,700.00,Delivered
1472,4/17/2026,Hyderabad,4.20,38.00,306.00,Delayed
1473,4/18/2026,Kolkata,4.40,35.00,474.00,Delivered
1474,4/19/2026,Bangalore,3.70,22.00,417.00,Delivered
1475,4/20/2026,Delhi,4.30,33.00,528.00,Delivered
1476,4/21/2026,Mumbai,3.90,23.00,248.00,Cancelled
1477,4/22/2026,Delhi,4.80,40.00,401.00,Delivered
1478,4/23/2026,Hyderabad,4.70,25.00,629.00,Delivered
1479,4/24/2026,Kolkata,4.30,21.00,646.00,Delivered
1480,4/25/2026,Mumbai,3.60,27.00,709.00,Delivered
1481,4/26/2026,Delhi,4.20,47.00,729.00,Delivered
1482,4/27/2026,Mumbai,4.30,46.00,786.00,Cancelled
1483,4/28/2026,Delhi,3.60,35.00,246.00,Delivered
1484,4/29/2026,Bangalore,3.90,38.00,678.00,Delivered
1485,4/30/2026,Bangalore,4.50,40.00,374.00,Delivered
1486,5/1/2026,Delhi,3.90,44.00,559.00,Delayed
1487,5/2/2026,Hyderabad,4.60,48.00,760.00,Delivered
1488,5/3/2026,Hyderabad,4.40,20.00,690.00,Delayed
1489,5/4/2026,Delhi,3.50,29.00,412.00,Delayed
1490,5/5/2026,Hyderabad,3.70,33.00,761.00,Delivered
1491,5/6/2026,Bangalore,4.00,29.00,349.00,Delivered
1492,5/7/2026,Bangalore,3.70,37.00,312.00,Delivered
1493,5/8/2026,Chennai,4.40,49.00,456.00,Cancelled
1494,5/9/2026,Delhi,4.20,24.00,591.00,Delivered
1495,5/10/2026,Bangalore,4.20,39.00,725.00,Delayed
1496,5/11/2026,Kolkata,3.80,44.00,528.00,Delivered
1497,5/12/2026,Kolkata,4.30,47.00,548.00,Delivered
1498,5/13/2026,Pune,3.70,27.00,551.00,Delivered
1499,5/14/2026,Kolkata,4.40,32.00,407.00,Delivered
1500,5/15/2026,Chennai,4.20,20.00,773.00,Delivered
1501,5/16/2026,Delhi,4.50,29.00,467.00,Delivered
1502,5/17/2026,Kolkata,3.80,23.00,789.00,Delivered
1503,5/18/2026,Pune,4.10,23.00,412.00,Delivered
1504,5/19/2026,Mumbai,3.60,31.00,364.00,Delivered
1505,5/20/2026,Mumbai,4.60,32.00,605.00,Delayed
1506,5/21/2026,Pune,3.50,51.00,229.00,Delivered
1507,5/22/2026,Bangalore,4.50,50.00,459.00,Delayed
1508,5/23/2026,Delhi,4.30,41.00,624.00,Delivered
1509,5/24/2026,Delhi,4.80,40.00,760.00,Cancelled
1510,5/25/2026,Chennai,4.10,34.00,305.00,Delivered
1511,5/26/2026,Kolkata,4.80,22.00,381.00,Cancelled
1512,5/27/2026,Hyderabad,3.50,32.00,756.00,Delivered
1513,5/28/2026,Chennai,4.20,27.00,394.00,Delayed
1514,5/29/2026,Chennai,4.20,37.00,339.00,Delivered
1515,5/30/2026,Mumbai,4.40,49.00,639.00,Delivered
1516,5/31/2026,Kolkata,3.50,42.00,444.00,Delayed
1517,6/1/2026,Kolkata,3.50,51.00,365.00,Delivered
1518,6/2/2026,Hyderabad,3.90,36.00,326.00,Delayed
1519,6/3/2026,Pune,4.80,36.00,732.00,Cancelled
1520,6/4/2026,Delhi,3.70,50.00,518.00,Delivered
1521,6/5/2026,Kolkata,4.00,42.00,251.00,Delivered
1522,6/6/2026,Bangalore,4.70,42.00,305.00,Delivered
1523,6/7/2026,Mumbai,4.00,54.00,490.00,Delivered
1524,6/8/2026,Kolkata,3.90,48.00,355.00,Delivered
1525,6/9/2026,Bangalore,4.70,26.00,528.00,Delayed
1526,6/10/2026,Hyderabad,4.50,44.00,655.00,Cancelled
1527,6/11/2026,Mumbai,4.40,53.00,741.00,Delivered
1528,6/12/2026,Delhi,4.00,35.00,340.00,Delivered
1529,6/13/2026,Delhi,4.20,51.00,696.00,Delivered
1530,6/14/2026,Bangalore,3.90,21.00,449.00,Delayed
1531,6/15/2026,Pune,4.20,49.00,315.00,Delivered
1532,6/16/2026,Delhi,3.80,51.00,431.00,Delivered
1533,6/17/2026,Kolkata,3.60,23.00,233.00,Delivered
1534,6/18/2026,Pune,3.90,23.00,394.00,Cancelled
1535,6/19/2026,Kolkata,3.80,53.00,269.00,Delivered
1536,6/20/2026,Hyderabad,3.60,20.00,468.00,Delivered
1537,6/21/2026,Mumbai,3.80,24.00,408.00,Delayed
1538,6/22/2026,Kolkata,4.60,23.00,783.00,Delivered
1539,6/23/2026,Mumbai,4.10,32.00,607.00,Delivered
1540,6/24/2026,Mumbai,3.50,47.00,281.00,Delayed
1541,6/25/2026,Delhi,4.30,20.00,357.00,Delivered
1542,6/26/2026,Mumbai,4.20,47.00,788.00,Delivered
1543,6/27/2026,Chennai,3.60,41.00,776.00,Delivered
1544,6/28/2026,Pune,4.40,30.00,532.00,Delayed
1545,6/29/2026,Mumbai,3.50,21.00,505.00,Delivered
1546,6/30/2026,Hyderabad,4.70,46.00,686.00,Delivered
1547,7/1/2026,Delhi,3.70,53.00,203.00,Delivered
1548,7/2/2026,Kolkata,4.60,23.00,214.00,Cancelled
1549,7/3/2026,Chennai,4.70,40.00,524.00,Delayed
1550,7/4/2026,Chennai,4.80,35.00,700.00,Delayed
1551,7/5/2026,Delhi,3.80,35.00,521.00,Delivered
1552,7/6/2026,Bangalore,4.70,51.00,609.00,Delivered
1553,7/7/2026,Delhi,3.50,22.00,341.00,Delivered
1554,7/8/2026,Bangalore,4.20,23.00,405.00,Delivered
1555,7/9/2026,Delhi,4.70,52.00,667.00,Cancelled
1556,7/10/2026,Mumbai,3.90,53.00,293.00,Delivered
1557,7/11/2026,Delhi,3.70,27.00,402.00,Delivered
1558,7/12/2026,Mumbai,4.20,40.00,239.00,Delivered
1559,7/13/2026,Bangalore,4.30,35.00,393.00,Cancelled
1560,7/14/2026,Kolkata,4.70,53.00,314.00,Delayed
1561,7/15/2026,Chennai,4.30,20.00,257.00,Delivered
1562,7/16/2026,Delhi,4.10,20.00,458.00,Delayed
1563,7/17/2026,Bangalore,4.10,51.00,484.00,Delivered
1564,7/18/2026,Pune,3.90,32.00,527.00,Delivered
1565,7/19/2026,Hyderabad,4.70,45.00,591.00,Delivered
1566,7/20/2026,Delhi,4.40,32.00,772.00,Delivered
1567,7/21/2026,Chennai,4.60,27.00,743.00,Delivered
1568,7/22/2026,Pune,4.30,50.00,517.00,Delayed
1569,7/23/2026,Hyderabad,4.30,37.00,580.00,Delivered
1570,7/24/2026,Hyderabad,3.90,34.00,419.00,Delivered
1571,7/25/2026,Chennai,4.70,31.00,445.00,Delivered
1572,7/26/2026,Delhi,4.20,23.00,376.00,Cancelled
1573,7/27/2026,Mumbai,3.70,30.00,557.00,Delayed
1574,7/28/2026,Delhi,4.00,20.00,396.00,Delivered
1575,7/29/2026,Delhi,3.60,47.00,436.00,Delivered
1576,7/30/2026,Chennai,3.70,52.00,414.00,Delivered
1577,7/31/2026,Delhi,3.60,46.00,474.00,Delivered
1578,8/1/2026,Chennai,4.20,54.00,417.00,Delivered
1579,8/2/2026,Hyderabad,4.30,33.00,382.00,Cancelled
1580,8/3/2026,Bangalore,4.30,26.00,683.00,Delivered
1581,8/4/2026,Bangalore,4.30,38.00,242.00,Delivered
1582,8/5/2026,Hyderabad,3.60,45.00,364.00,Delivered
1583,8/6/2026,Hyderabad,3.60,27.00,425.00,Delivered
1584,8/7/2026,Delhi,3.90,42.00,675.00,Delivered
1585,8/8/2026,Hyderabad,4.20,53.00,639.00,Delivered
1586,8/9/2026,Delhi,3.70,25.00,792.00,Delivered
1587,8/10/2026,Kolkata,3.90,28.00,457.00,Delivered
1588,8/11/2026,Hyderabad,4.40,28.00,624.00,Cancelled
1589,8/12/2026,Chennai,3.90,45.00,452.00,Delivered
1590,8/13/2026,Delhi,4.20,20.00,613.00,Cancelled
1591,8/14/2026,Mumbai,3.70,51.00,624.00,Delivered
1592,8/15/2026,Bangalore,4.10,29.00,531.00,Delivered
1593,8/16/2026,Mumbai,4.00,46.00,303.00,Delivered
1594,8/17/2026,Bangalore,4.50,24.00,202.00,Delivered
1595,8/18/2026,Mumbai,3.70,50.00,718.00,Delivered
1596,8/19/2026,Bangalore,4.60,28.00,636.00,Cancelled
1597,8/20/2026,Chennai,3.70,47.00,384.00,Delivered
1598,8/21/2026,Delhi,4.40,54.00,692.00,Delivered
1599,8/22/2026,Mumbai,3.60,52.00,439.00,Delivered
1600,8/23/2026,Bangalore,4.00,22.00,759.00,Delayed
1601,8/24/2026,Chennai,4.30,42.00,258.00,Delivered
1602,8/25/2026,Kolkata,3.50,32.00,401.00,Delivered
1603,8/26/2026,Pune,4.20,27.00,416.00,Delivered
1604,8/27/2026,Mumbai,3.60,49.00,506.00,Delivered
1605,8/28/2026,Delhi,4.30,27.00,432.00,Cancelled
1606,8/29/2026,Mumbai,4.60,42.00,362.00,Delivered
1607,8/30/2026,Pune,3.70,38.00,433.00,Delivered
1608,8/31/2026,Pune,3.80,29.00,628.00,Delivered
1609,9/1/2026,Bangalore,3.80,22.00,636.00,Delivered
1610,9/2/2026,Chennai,4.50,33.00,486.00,Delivered
1611,9/3/2026,Hyderabad,3.90,31.00,438.00,Delayed
1612,9/4/2026,Bangalore,3.90,25.00,727.00,Delivered
1613,9/5/2026,Kolkata,4.30,44.00,541.00,Delivered
1614,9/6/2026,Chennai,3.90,47.00,580.00,Delivered
1615,9/7/2026,Chennai,4.30,20.00,543.00,Delivered
1616,9/8/2026,Delhi,4.60,33.00,690.00,Delivered
1617,9/9/2026,Delhi,4.10,20.00,266.00,Cancelled
1618,9/10/2026,Delhi,3.70,27.00,414.00,Delayed
1619,9/11/2026,Kolkata,3.70,35.00,247.00,Delivered
1620,9/12/2026,Delhi,4.10,40.00,288.00,Delivered
1621,9/13/2026,Bangalore,4.40,22.00,622.00,Delivered
1622,9/14/2026,Mumbai,3.80,50.00,411.00,Delivered
1623,9/15/2026,Mumbai,3.70,25.00,350.00,Delivered
1624,9/16/2026,Delhi,3.60,50.00,292.00,Delivered
1625,9/17/2026,Pune,4.70,47.00,695.00,Delivered
1626,9/18/2026,Mumbai,4.00,41.00,781.00,Delivered
1627,9/19/2026,Chennai,3.70,20.00,293.00,Cancelled
1628,9/20/2026,Pune,3.60,28.00,520.00,Delivered
1629,9/21/2026,Mumbai,3.50,31.00,472.00,Delivered
1630,9/22/2026,Hyderabad,4.20,31.00,412.00,Delivered
1631,9/23/2026,Delhi,3.60,49.00,502.00,Delayed
1632,9/24/2026,Hyderabad,4.20,48.00,277.00,Delivered
1633,9/25/2026,Kolkata,3.60,49.00,565.00,Delivered
1634,9/26/2026,Chennai,4.80,23.00,350.00,Delivered
1635,9/27/2026,Delhi,4.60,39.00,530.00,Delivered
1636,9/28/2026,Delhi,4.30,33.00,654.00,Delayed
1637,9/29/2026,Pune,4.00,23.00,632.00,Cancelled
1638,9/30/2026,Mumbai,4.60,26.00,359.00,Delivered
1639,10/1/2026,Pune,4.30,51.00,368.00,Delayed
1640,10/2/2026,Delhi,4.20,52.00,761.00,Delivered
1641,10/3/2026,Chennai,3.60,40.00,597.00,Delayed
1642,10/4/2026,Kolkata,3.90,52.00,778.00,Delivered
1643,10/5/2026,Hyderabad,3.90,21.00,559.00,Cancelled
1644,10/6/2026,Delhi,3.90,21.00,372.00,Delivered
1645,10/7/2026,Pune,4.60,35.00,537.00,Delivered
1646,10/8/2026,Chennai,3.70,21.00,579.00,Delivered
1647,10/9/2026,Delhi,4.50,41.00,755.00,Delivered
1648,10/10/2026,Hyderabad,4.20,40.00,781.00,Delivered
1649,10/11/2026,Chennai,4.50,54.00,679.00,Delivered
1650,10/12/2026,Mumbai,3.60,43.00,550.00,Delayed
1651,10/13/2026,Chennai,4.80,46.00,536.00,Delivered
1652,10/14/2026,Pune,3.80,23.00,727.00,Delivered
1653,10/15/2026,Pune,3.90,46.00,397.00,Delivered
1654,10/16/2026,Bangalore,3.90,48.00,407.00,Delivered
1655,10/17/2026,Pune,3.90,49.00,215.00,Cancelled
1656,10/18/2026,Kolkata,4.70,22.00,490.00,Delayed
1657,10/19/2026,Chennai,3.60,41.00,546.00,Delivered
1658,10/20/2026,Pune,3.80,26.00,711.00,Delivered
1659,10/21/2026,Delhi,3.60,29.00,505.00,Cancelled
1660,10/22/2026,Hyderabad,4.30,35.00,703.00,Delivered
1661,10/23/2026,Kolkata,4.00,33.00,296.00,Delivered
1662,10/24/2026,Delhi,4.60,30.00,472.00,Delivered
1663,10/25/2026,Hyderabad,4.60,41.00,629.00,Delivered
1664,10/26/2026,Bangalore,4.30,47.00,391.00,Delivered
1665,10/27/2026,Mumbai,4.30,23.00,312.00,Delivered
1666,10/28/2026,Pune,3.80,44.00,280.00,Delivered
1667,10/29/2026,Delhi,4.20,50.00,229.00,Delivered
1668,10/30/2026,Bangalore,4.80,28.00,574.00,Delivered
1669,10/31/2026,Mumbai,4.30,29.00,463.00,Cancelled
1670,11/1/2026,Delhi,4.70,48.00,745.00,Delayed
1671,11/2/2026,Kolkata,4.50,21.00,697.00,Delivered
1672,11/3/2026,Chennai,3.80,27.00,479.00,Delayed
1673,11/4/2026,Pune,4.30,26.00,232.00,Delayed
1674,11/5/2026,Hyderabad,4.80,45.00,789.00,Cancelled
1675,11/6/2026,Bangalore,4.10,24.00,688.00,Delivered
1676,11/7/2026,Bangalore,4.50,24.00,245.00,Cancelled
1677,11/8/2026,Delhi,4.30,22.00,220.00,Delivered
1678,11/9/2026,Delhi,4.50,38.00,422.00,Delivered
1679,11/10/2026,Mumbai,4.00,27.00,542.00,Delayed
1680,11/11/2026,Hyderabad,3.50,34.00,501.00,Delivered
1681,11/12/2026,Hyderabad,4.40,32.00,333.00,Delivered
1682,11/13/2026,Delhi,3.60,27.00,446.00,Delivered
1683,11/14/2026,Bangalore,3.90,21.00,728.00,Delivered
1684,11/15/2026,Mumbai,4.50,42.00,625.00,Delivered
1685,11/16/2026,Delhi,4.50,25.00,421.00,Delivered
1686,11/17/2026,Mumbai,3.90,20.00,225.00,Delivered
1687,11/18/2026,Pune,3.90,20.00,544.00,Delayed
1688,11/19/2026,Kolkata,4.80,34.00,734.00,Delivered
1689,11/20/2026,Chennai,4.50,21.00,385.00,Delivered
1690,11/21/2026,Pune,3.70,50.00,664.00,Delivered
1691,11/22/2026,Bangalore,4.80,20.00,231.00,Delivered
1692,11/23/2026,Chennai,4.50,30.00,520.00,Delivered
1693,11/24/2026,Hyderabad,3.60,52.00,367.00,Delivered
1694,11/25/2026,Chennai,3.80,41.00,511.00,Delivered
1695,11/26/2026,Bangalore,4.70,37.00,544.00,Delayed
1696,11/27/2026,Delhi,3.60,28.00,236.00,Delayed
1697,11/28/2026,Pune,3.70,53.00,537.00,Delivered
1698,11/29/2026,Pune,4.70,31.00,494.00,Delivered
1699,11/30/2026,Kolkata,3.70,50.00,630.00,Delivered
1700,12/1/2026,Kolkata,4.50,38.00,290.00,Delivered
1701,12/2/2026,Bangalore,4.70,25.00,720.00,Delivered
1702,12/3/2026,Chennai,4.20,53.00,465.00,Delivered
1703,12/4/2026,Kolkata,4.00,24.00,770.00,Delivered
1704,12/5/2026,Delhi,3.80,52.00,720.00,Delivered
1705,12/6/2026,Pune,4.00,30.00,758.00,Delivered
1706,12/7/2026,Kolkata,4.60,49.00,327.00,Cancelled
1707,12/8/2026,Pune,3.70,37.00,359.00,Delivered
1708,12/9/2026,Hyderabad,4.40,50.00,279.00,Delivered
1709,12/10/2026,Kolkata,4.60,38.00,570.00,Delivered
1710,12/11/2026,Hyderabad,3.90,42.00,623.00,Delivered
1711,12/12/2026,Chennai,4.30,22.00,392.00,Delivered
1712,12/13/2026,Hyderabad,3.80,30.00,377.00,Delivered
1713,12/14/2026,Delhi,3.80,25.00,523.00,Delivered
1714,12/15/2026,Delhi,4.50,27.00,782.00,Delivered
1715,12/16/2026,Hyderabad,4.50,43.00,348.00,Delivered
1716,12/17/2026,Chennai,4.50,51.00,504.00,Delivered
1717,12/18/2026,Mumbai,4.40,48.00,662.00,Delivered
1718,12/19/2026,Kolkata,4.50,42.00,289.00,Delivered
1719,12/20/2026,Delhi,4.00,48.00,443.00,Delivered
1720,12/21/2026,Chennai,4.00,53.00,218.00,Delivered
1721,12/22/2026,Pune,4.00,27.00,697.00,Delivered
1722,12/23/2026,Bangalore,4.20,43.00,398.00,Delivered
1723,12/24/2026,Chennai,4.10,47.00,784.00,Delivered
1724,12/25/2026,Chennai,4.60,36.00,448.00,Delivered
1725,12/26/2026,Bangalore,4.50,21.00,728.00,Delivered
1726,12/27/2026,Kolkata,4.20,37.00,366.00,Delivered
1727,12/28/2026,Chennai,4.60,37.00,396.00,Delivered
1728,12/29/2026,Delhi,3.60,39.00,525.00,Delivered
1729,12/30/2026,Hyderabad,3.70,48.00,223.00,Delivered
1730,12/31/2026,Mumbai,4.50,39.00,512.00,Delivered
1731,1/1/2027,Delhi,3.80,43.00,385.00,Cancelled
1732,1/2/2027,Chennai,4.30,40.00,265.00,Delivered
1733,1/3/2027,Kolkata,4.70,40.00,472.00,Delayed
1734,1/4/2027,Hyderabad,3.80,33.00,522.00,Delivered
1735,1/5/2027,Pune,3.60,53.00,463.00,Delivered
1736,1/6/2027,Kolkata,4.40,32.00,790.00,Delivered
1737,1/7/2027,Pune,3.80,42.00,306.00,Delivered
1738,1/8/2027,Pune,4.20,53.00,637.00,Delivered
1739,1/9/2027,Kolkata,4.00,47.00,740.00,Delivered
1740,1/10/2027,Chennai,4.50,38.00,240.00,Delivered
1741,1/11/2027,Hyderabad,4.40,28.00,560.00,Delivered
1742,1/12/2027,Kolkata,4.00,25.00,596.00,Delivered
1743,1/13/2027,Chennai,4.20,34.00,496.00,Delivered
1744,1/14/2027,Delhi,4.70,25.00,574.00,Delayed
1745,1/15/2027,Bangalore,3.60,21.00,672.00,Delivered
1746,1/16/2027,Chennai,3.90,22.00,260.00,Delayed
1747,1/17/2027,Pune,4.70,36.00,509.00,Delivered
1748,1/18/2027,Chennai,4.70,34.00,575.00,Delivered
1749,1/19/2027,Bangalore,4.00,53.00,407.00,Delivered
1750,1/20/2027,Pune,4.10,31.00,228.00,Delivered
1751,1/21/2027,Delhi,4.20,27.00,699.00,Delivered
1752,1/22/2027,Kolkata,4.20,20.00,281.00,Delivered
1753,1/23/2027,Delhi,4.20,23.00,571.00,Delayed
1754,1/24/2027,Bangalore,4.00,46.00,557.00,Delivered
1755,1/25/2027,Mumbai,3.70,35.00,432.00,Delivered
1756,1/26/2027,Hyderabad,4.00,34.00,453.00,Delivered
1757,1/27/2027,Bangalore,4.30,22.00,478.00,Delivered
1758,1/28/2027,Pune,4.30,45.00,763.00,Delivered
1759,1/29/2027,Mumbai,4.70,25.00,321.00,Delivered
1760,1/30/2027,Mumbai,4.50,51.00,278.00,Delivered
1761,1/31/2027,Kolkata,4.40,23.00,737.00,Delivered
1762,2/1/2027,Chennai,4.50,51.00,210.00,Delayed
1763,2/2/2027,Mumbai,3.80,37.00,310.00,Delivered
1764,2/3/2027,Mumbai,4.10,54.00,715.00,Delivered
1765,2/4/2027,Delhi,3.80,30.00,338.00,Delayed
1766,2/5/2027,Kolkata,3.70,24.00,690.00,Delayed
1767,2/6/2027,Bangalore,4.40,36.00,483.00,Delivered
1768,2/7/2027,Delhi,4.80,51.00,725.00,Delivered
1769,2/8/2027,Delhi,4.20,44.00,553.00,Delivered
1770,2/9/2027,Kolkata,4.40,34.00,281.00,Delayed
1771,2/10/2027,Kolkata,4.10,26.00,587.00,Delivered
1772,2/11/2027,Hyderabad,3.80,25.00,355.00,Delivered
1773,2/12/2027,Delhi,4.80,24.00,520.00,Delayed
1774,2/13/2027,Hyderabad,4.40,27.00,586.00,Delayed
1775,2/14/2027,Mumbai,4.40,29.00,727.00,Delivered
1776,2/15/2027,Hyderabad,3.70,43.00,487.00,Delayed
1777,2/16/2027,Hyderabad,3.70,45.00,405.00,Delivered
1778,2/17/2027,Mumbai,4.20,20.00,337.00,Delayed
1779,2/18/2027,Mumbai,3.50,34.00,337.00,Delayed
1780,2/19/2027,Hyderabad,3.50,44.00,530.00,Delivered
1781,2/20/2027,Pune,4.80,52.00,597.00,Delayed
1782,2/21/2027,Mumbai,4.70,43.00,703.00,Delivered
1783,2/22/2027,Bangalore,4.20,31.00,633.00,Delayed
1784,2/23/2027,Kolkata,3.50,41.00,581.00,Delivered
1785,2/24/2027,Kolkata,3.90,28.00,235.00,Delayed
1786,2/25/2027,Kolkata,4.30,35.00,355.00,Delivered
1787,2/26/2027,Delhi,4.40,52.00,450.00,Delivered
1788,2/27/2027,Bangalore,4.70,35.00,789.00,Delivered
1789,2/28/2027,Hyderabad,3.60,37.00,600.00,Delivered
1790,3/1/2027,Kolkata,3.60,49.00,432.00,Delayed
1791,3/2/2027,Hyderabad,3.90,25.00,475.00,Delivered
1792,3/3/2027,Hyderabad,4.30,36.00,453.00,Delivered
1793,3/4/2027,Pune,3.80,26.00,436.00,Delivered
1794,3/5/2027,Hyderabad,3.80,34.00,231.00,Delivered
1795,3/6/2027,Hyderabad,4.00,23.00,537.00,Delivered
1796,3/7/2027,Mumbai,3.90,21.00,592.00,Delivered
1797,3/8/2027,Hyderabad,4.40,43.00,525.00,Delivered
1798,3/9/2027,Bangalore,3.70,20.00,641.00,Delivered
1799,3/10/2027,Delhi,3.60,21.00,573.00,Delivered
1800,3/11/2027,Mumbai,4.00,43.00,404.00,Cancelled
1801,3/12/2027,Delhi,3.70,51.00,677.00,Delivered
1802,3/13/2027,Bangalore,4.50,44.00,519.00,Delivered
1803,3/14/2027,Hyderabad,3.60,26.00,407.00,Delivered
1804,3/15/2027,Pune,3.90,29.00,639.00,Delivered
1805,3/16/2027,Bangalore,4.00,30.00,727.00,Delivered
1806,3/17/2027,Hyderabad,4.00,30.00,627.00,Cancelled
1807,3/18/2027,Hyderabad,4.00,49.00,475.00,Delivered
1808,3/19/2027,Pune,4.40,44.00,378.00,Delivered
1809,3/20/2027,Mumbai,3.80,33.00,238.00,Delivered
1810,3/21/2027,Bangalore,3.90,48.00,205.00,Delayed
1811,3/22/2027,Chennai,4.70,52.00,274.00,Delayed
1812,3/23/2027,Hyderabad,3.50,31.00,527.00,Delayed
1813,3/24/2027,Kolkata,4.70,46.00,651.00,Delivered
1814,3/25/2027,Kolkata,4.50,46.00,770.00,Delivered
1815,3/26/2027,Hyderabad,4.80,48.00,403.00,Delivered
1816,3/27/2027,Pune,4.70,23.00,374.00,Delivered
1817,3/28/2027,Mumbai,4.10,23.00,338.00,Delivered
1818,3/29/2027,Delhi,4.30,36.00,791.00,Delivered
1819,3/30/2027,Kolkata,4.20,53.00,508.00,Delivered
1820,3/31/2027,Mumbai,3.70,53.00,246.00,Delivered
1821,4/1/2027,Bangalore,4.50,35.00,617.00,Delivered
1822,4/2/2027,Pune,4.20,42.00,668.00,Delayed
1823,4/3/2027,Mumbai,4.10,48.00,693.00,Delivered
1824,4/4/2027,Delhi,3.60,33.00,258.00,Cancelled
1825,4/5/2027,Hyderabad,3.70,36.00,266.00,Delivered
1826,4/6/2027,Pune,3.80,22.00,417.00,Delivered
1827,4/7/2027,Pune,4.20,34.00,616.00,Delivered
1828,4/8/2027,Mumbai,3.50,26.00,496.00,Delivered
1829,4/9/2027,Bangalore,4.30,35.00,291.00,Delivered
1830,4/10/2027,Mumbai,3.70,23.00,355.00,Delayed
1831,4/11/2027,Delhi,4.60,54.00,637.00,Delivered
1832,4/12/2027,Chennai,4.70,35.00,310.00,Delayed
1833,4/13/2027,Hyderabad,4.60,24.00,517.00,Delayed
1834,4/14/2027,Delhi,3.80,21.00,695.00,Delivered
1835,4/15/2027,Bangalore,4.30,50.00,331.00,Delivered
1836,4/16/2027,Mumbai,4.30,49.00,224.00,Delayed
1837,4/17/2027,Delhi,4.70,41.00,621.00,Delivered
1838,4/18/2027,Delhi,4.20,49.00,684.00,Delivered
1839,4/19/2027,Hyderabad,3.90,53.00,448.00,Delivered
1840,4/20/2027,Pune,4.50,33.00,251.00,Delivered
1841,4/21/2027,Chennai,4.30,37.00,714.00,Delivered
1842,4/22/2027,Delhi,4.10,38.00,626.00,Delivered
1843,4/23/2027,Mumbai,3.60,39.00,571.00,Delivered
1844,4/24/2027,Mumbai,3.80,33.00,749.00,Cancelled
1845,4/25/2027,Pune,4.10,21.00,745.00,Delivered
1846,4/26/2027,Pune,3.70,24.00,637.00,Delayed
1847,4/27/2027,Chennai,4.60,35.00,249.00,Delivered
1848,4/28/2027,Chennai,4.60,50.00,776.00,Delivered
1849,4/29/2027,Chennai,4.80,38.00,411.00,Delivered
1850,4/30/2027,Mumbai,4.60,27.00,362.00,Delivered
1851,5/1/2027,Mumbai,4.10,46.00,700.00,Delivered
1852,5/2/2027,Delhi,4.20,35.00,221.00,Delivered
1853,5/3/2027,Pune,4.80,24.00,642.00,Delayed
1854,5/4/2027,Mumbai,4.40,20.00,311.00,Delivered
1855,5/5/2027,Delhi,4.40,34.00,509.00,Delivered
1856,5/6/2027,Kolkata,3.90,27.00,342.00,Delivered
1857,5/7/2027,Pune,4.20,31.00,797.00,Delivered
1858,5/8/2027,Bangalore,3.90,49.00,570.00,Delivered
1859,5/9/2027,Bangalore,4.10,25.00,380.00,Delivered
1860,5/10/2027,Bangalore,4.00,47.00,761.00,Delivered
1861,5/11/2027,Delhi,4.10,30.00,427.00,Delivered
1862,5/12/2027,Delhi,3.50,24.00,653.00,Delayed
1863,5/13/2027,Hyderabad,3.60,49.00,724.00,Delivered
1864,5/14/2027,Hyderabad,3.90,41.00,435.00,Delivered
1865,5/15/2027,Bangalore,4.20,22.00,409.00,Delivered
1866,5/16/2027,Hyderabad,4.80,38.00,528.00,Delivered
1867,5/17/2027,Delhi,4.60,46.00,288.00,Delayed
1868,5/18/2027,Delhi,4.60,47.00,793.00,Cancelled
1869,5/19/2027,Chennai,4.60,36.00,374.00,Delivered
1870,5/20/2027,Chennai,4.80,42.00,717.00,Delivered
1871,5/21/2027,Delhi,4.10,49.00,553.00,Cancelled
1872,5/22/2027,Pune,4.50,51.00,477.00,Delivered
1873,5/23/2027,Bangalore,4.20,34.00,383.00,Delivered
1874,5/24/2027,Mumbai,4.70,54.00,590.00,Delayed
1875,5/25/2027,Mumbai,4.00,25.00,657.00,Delivered
1876,5/26/2027,Mumbai,3.80,52.00,587.00,Delivered
1877,5/27/2027,Delhi,4.50,51.00,464.00,Delivered
1878,5/28/2027,Chennai,4.80,28.00,366.00,Delivered
1879,5/29/2027,Pune,4.10,40.00,294.00,Cancelled
1880,5/30/2027,Delhi,4.00,32.00,538.00,Delayed
1881,5/31/2027,Mumbai,4.20,47.00,675.00,Delivered
1882,6/1/2027,Pune,3.70,40.00,674.00,Delivered
1883,6/2/2027,Kolkata,4.30,37.00,309.00,Delivered
1884,6/3/2027,Chennai,3.50,33.00,474.00,Delivered
1885,6/4/2027,Hyderabad,4.80,35.00,541.00,Delivered
1886,6/5/2027,Kolkata,3.80,22.00,759.00,Delivered
1887,6/6/2027,Chennai,4.70,51.00,705.00,Delivered
1888,6/7/2027,Chennai,3.90,54.00,304.00,Delivered
1889,6/8/2027,Chennai,4.50,39.00,397.00,Delivered
1890,6/9/2027,Chennai,3.70,49.00,258.00,Delayed
1891,6/10/2027,Chennai,3.90,28.00,429.00,Delivered
1892,6/11/2027,Bangalore,4.30,30.00,334.00,Cancelled
1893,6/12/2027,Pune,3.90,39.00,732.00,Delivered
1894,6/13/2027,Pune,4.50,21.00,776.00,Delivered
1895,6/14/2027,Pune,4.10,26.00,464.00,Delivered
1896,6/15/2027,Kolkata,4.40,45.00,342.00,Delayed
1897,6/16/2027,Bangalore,3.60,46.00,235.00,Delivered
1898,6/17/2027,Kolkata,4.50,38.00,320.00,Delivered
1899,6/18/2027,Delhi,3.50,53.00,434.00,Delivered
1900,6/19/2027,Hyderabad,3.70,51.00,681.00,Delayed
1901,6/20/2027,Delhi,4.60,45.00,751.00,Delivered
1902,6/21/2027,Pune,4.70,42.00,786.00,Delivered
1903,6/22/2027,Pune,4.80,51.00,373.00,Delayed
1904,6/23/2027,Pune,4.00,48.00,670.00,Delivered
1905,6/24/2027,Mumbai,3.80,24.00,651.00,Delivered
1906,6/25/2027,Bangalore,4.60,32.00,336.00,Delivered
1907,6/26/2027,Mumbai,4.00,40.00,344.00,Delivered
1908,6/27/2027,Chennai,4.60,52.00,684.00,Delayed
1909,6/28/2027,Pune,4.60,36.00,696.00,Delivered
1910,6/29/2027,Kolkata,4.30,51.00,284.00,Delivered
1911,6/30/2027,Chennai,3.70,30.00,516.00,Delivered
1912,7/1/2027,Kolkata,3.60,34.00,616.00,Delivered
1913,7/2/2027,Mumbai,4.00,35.00,430.00,Delivered
1914,7/3/2027,Chennai,3.80,53.00,230.00,Delivered
1915,7/4/2027,Pune,4.20,28.00,770.00,Delivered
1916,7/5/2027,Bangalore,4.00,38.00,635.00,Delivered
1917,7/6/2027,Pune,4.80,45.00,398.00,Delivered
1918,7/7/2027,Hyderabad,3.90,26.00,386.00,Delivered
1919,7/8/2027,Bangalore,3.50,25.00,315.00,Delivered
1920,7/9/2027,Chennai,4.20,21.00,795.00,Delivered
1921,7/10/2027,Hyderabad,4.40,44.00,410.00,Delivered
1922,7/11/2027,Delhi,4.10,22.00,460.00,Delivered
1923,7/12/2027,Chennai,4.50,45.00,322.00,Delivered
1924,7/13/2027,Pune,4.00,33.00,623.00,Delivered
1925,7/14/2027,Kolkata,4.40,47.00,412.00,Delivered
1926,7/15/2027,Bangalore,4.40,38.00,252.00,Delayed
1927,7/16/2027,Mumbai,4.20,51.00,417.00,Delivered
1928,7/17/2027,Hyderabad,3.60,51.00,388.00,Delivered
1929,7/18/2027,Hyderabad,4.10,25.00,228.00,Delivered
1930,7/19/2027,Hyderabad,3.50,35.00,617.00,Delayed
1931,7/20/2027,Mumbai,3.70,29.00,233.00,Delivered
1932,7/21/2027,Hyderabad,4.20,40.00,754.00,Delivered
1933,7/22/2027,Hyderabad,3.60,24.00,475.00,Cancelled
1934,7/23/2027,Hyderabad,3.70,26.00,249.00,Delivered
1935,7/24/2027,Pune,4.10,24.00,334.00,Delivered
1936,7/25/2027,Chennai,4.40,32.00,247.00,Delivered
1937,7/26/2027,Hyderabad,3.50,53.00,546.00,Delivered
1938,7/27/2027,Kolkata,4.30,44.00,415.00,Delayed
1939,7/28/2027,Kolkata,3.90,22.00,402.00,Delivered
1940,7/29/2027,Bangalore,4.30,50.00,359.00,Cancelled
1941,7/30/2027,Kolkata,4.00,32.00,741.00,Delivered
1942,7/31/2027,Kolkata,4.50,21.00,647.00,Delivered
1943,8/1/2027,Hyderabad,4.30,30.00,668.00,Delivered
1944,8/2/2027,Kolkata,3.80,40.00,452.00,Cancelled
1945,8/3/2027,Delhi,4.50,29.00,649.00,Cancelled
1946,8/4/2027,Pune,3.80,32.00,590.00,Delivered
1947,8/5/2027,Kolkata,4.50,50.00,685.00,Delivered
1948,8/6/2027,Kolkata,3.60,24.00,689.00,Cancelled
1949,8/7/2027,Mumbai,4.70,47.00,713.00,Delivered
1950,8/8/2027,Bangalore,3.60,23.00,200.00,Delivered
1951,8/9/2027,Pune,4.00,40.00,204.00,Cancelled
1952,8/10/2027,Kolkata,4.40,46.00,412.00,Delivered
1953,8/11/2027,Delhi,3.70,36.00,604.00,Cancelled
1954,8/12/2027,Bangalore,4.20,27.00,288.00,Delivered
1955,8/13/2027,Delhi,3.50,33.00,582.00,Delivered
1956,8/14/2027,Kolkata,3.90,27.00,544.00,Delivered
1957,8/15/2027,Pune,3.60,32.00,696.00,Delivered
1958,8/16/2027,Kolkata,4.20,53.00,476.00,Delivered
1959,8/17/2027,Pune,4.20,52.00,356.00,Delayed
1960,8/18/2027,Pune,3.50,50.00,464.00,Delivered
1961,8/19/2027,Mumbai,3.80,38.00,499.00,Delivered
1962,8/20/2027,Mumbai,4.20,45.00,648.00,Delivered
1963,8/21/2027,Pune,3.50,34.00,535.00,Delivered
1964,8/22/2027,Kolkata,4.80,53.00,563.00,Delivered
1965,8/23/2027,Mumbai,4.80,41.00,412.00,Delivered
1966,8/24/2027,Delhi,4.10,39.00,465.00,Delivered
1967,8/25/2027,Mumbai,3.50,30.00,521.00,Delivered
1968,8/26/2027,Delhi,4.80,47.00,760.00,Delivered
1969,8/27/2027,Chennai,3.60,28.00,384.00,Delivered
1970,8/28/2027,Pune,3.70,43.00,619.00,Delivered
1971,8/29/2027,Mumbai,3.90,43.00,279.00,Delivered
1972,8/30/2027,Bangalore,4.40,54.00,708.00,Cancelled
1973,8/31/2027,Mumbai,4.40,51.00,649.00,Delivered
1974,9/1/2027,Hyderabad,4.80,54.00,222.00,Delivered
1975,9/2/2027,Hyderabad,4.00,22.00,332.00,Delivered
1976,9/3/2027,Chennai,4.60,35.00,455.00,Delayed
1977,9/4/2027,Pune,4.20,27.00,730.00,Delayed
1978,9/5/2027,Mumbai,4.30,32.00,768.00,Delayed
1979,9/6/2027,Delhi,4.20,28.00,532.00,Delivered
1980,9/7/2027,Delhi,4.60,42.00,521.00,Delivered
1981,9/8/2027,Hyderabad,3.90,44.00,464.00,Delayed
1982,9/9/2027,Delhi,4.80,41.00,652.00,Delivered
1983,9/10/2027,Mumbai,3.90,53.00,431.00,Cancelled
1984,9/11/2027,Bangalore,4.40,21.00,341.00,Delivered
1985,9/12/2027,Chennai,4.30,42.00,297.00,Delivered
1986,9/13/2027,Kolkata,3.80,49.00,530.00,Delivered
1987,9/14/2027,Pune,4.10,47.00,784.00,Delivered
1988,9/15/2027,Chennai,4.20,27.00,240.00,Delivered
1989,9/16/2027,Mumbai,4.40,50.00,563.00,Delivered
1990,9/17/2027,Pune,4.80,21.00,542.00,Delivered
1991,9/18/2027,Bangalore,3.60,20.00,668.00,Delayed
1992,9/19/2027,Bangalore,4.70,40.00,618.00,Delivered
1993,9/20/2027,Pune,3.70,49.00,591.00,Delivered
1994,9/21/2027,Chennai,3.70,24.00,557.00,Delivered
1995,9/22/2027,Chennai,3.70,38.00,648.00,Delayed
1996,9/23/2027,Pune,3.90,47.00,523.00,Delivered
1997,9/24/2027,Kolkata,4.70,30.00,447.00,Delivered
1998,9/25/2027,Pune,4.70,27.00,759.00,Delivered
1999,9/26/2027,Mumbai,3.50,34.00,231.00,Delivered
2000,9/27/2027,Chennai,4.00,26.00,587.00,Delivered
2001,9/28/2027,Chennai,4.70,25.00,593.00,Delivered
2002,9/29/2027,Hyderabad,4.30,54.00,316.00,Delivered
2003,9/30/2027,Pune,4.00,28.00,701.00,Delayed
2004,10/1/2027,Kolkata,3.50,21.00,748.00,Delivered
2005,10/2/2027,Pune,4.40,45.00,246.00,Delivered
2006,10/3/2027,Kolkata,4.40,54.00,473.00,Delivered
2007,10/4/2027,Pune,4.70,42.00,556.00,Delayed
2008,10/5/2027,Pune,3.80,27.00,663.00,Delivered
2009,10/6/2027,Delhi,4.40,42.00,257.00,Delivered
2010,10/7/2027,Delhi,4.10,26.00,440.00,Delivered
